Word,Count
offenders,7
sex,6
pedophiles,6
people,3
tumor,3
brain,3
pedophilia,3
laws,2
study,2
community,2
reports,2
urges,2
connections,2
men,2
iq,2
orientation,2
documentary,1
treatment,1
torture,1
journal,1
university,1
mags,1
media,1
science,1
paper,1
relationships,1
psychology,1
class,1
criminology,1
individuals,1
effects,1
boyfriend,1
cop,1
sort,1
list,1
law,1
reform,1
sense,1
procommunity,1
argument,1
amount,1
research,1
ability,1
dolls,1
illness,1
women,1
lads,1
language,1
therapists,1
ontario,1
facility,1
sexoffender,1
theories,1
regards,1
topic,1
peers,1
fellow,1
world,1
difference,1
harm,1
plenty,1
reddit,1
tell,1
childmolester,1
myths,1
child,1
test,1
problem,1
thoughts,1
element,1
guess,1
things,1
parenting,1
abuse,1
genes,1
environment,1
womb,1
combination,1
places,1
hearing,1
cause,1
naturenurture,1
assessment,1
shorter,1
inch,1
rate,1
summary,1
article,1
matter,1
histories,1
points,1
response,1
woman,1
edit,1
comments,1
samples,1
come,1
circuitry,1
sets,1
man,1
case,1
time,1
treatments,1
work,1
structure,1
studies,1
height,1
handedness,1
hebephilia,1
reanalysis,1
data,1
symptom,1
apraxia,1
sign,1
pdfhttpczyborracompedofilessexuologenbraintumorpdf,1
